id,category,name,price,stock,barcode,image
1,정육_축산,돼지고기 삼겹살 100g,2880,50,8809297283500 ,https://i.imgur.com/hyo6kGc.png
2,정육_축산,돼지고기 목살 100g,2480,50,8809297283501 ,https://i.imgur.com/KQdaWNT.png
3,정육_축산,한우 갈비살 100g,15000,50,8809297283502 ,https://i.imgur.com/3bagcpH.png
4,정육_축산,소고기 안심 100g,6000,50,8809297283503 ,https://i.imgur.com/vVqaqWf.png
5,정육_축산,닭가슴살 1kg,7000,50,8809297283504 ,https://i.imgur.com/3dJiQUB.png
6,정육_축산,돼지고기 앞다리살 1kg,40000,50,8809297283505 ,https://i.imgur.com/8zIjvs1.png
7,정육_축산,오리고기 1kg,20000,50,8809297283506 ,https://i.imgur.com/cl9NjIq.png
8,정육_축산,소고기 차돌박이 1kg,30000,50,8809297283507 ,https://i.imgur.com/2AAMu8g.png
9,정육_축산,돼지고기 항정살 1kg,22000,50,8809297283508 ,https://i.imgur.com/n0Nb04q.png
10,정육_축산,닭날개 1kg,6000,50,8809297283509 ,https://i.imgur.com/UrvBjVJ.png
11,해산_수산,연어 1kg,25000,50,8809297283510 ,https://i.imgur.com/KCbrQE9.png
12,해산_수산,참치 1kg,28000,50,8809297283511 ,https://i.imgur.com/wZmRI02.png
13,해산_수산,고등어 1마리,7500,50,8809297283512 ,https://i.imgur.com/GUVFUE1.png
14,해산_수산,갈치 1마리,15000,50,8809297283513 ,https://i.imgur.com/NTOt9jb.png
15,해산_수산,조기 1마리,12000,50,8809297283514 ,https://i.imgur.com/y3hJp9Q.png
16,해산_수산,광어 1kg,22000,50,8809297283515 ,https://i.imgur.com/unjglXd.png
17,해산_수산,명태 1마리,8000,50,8809297283516 ,https://i.imgur.com/ZlYsDsZ.png
18,해산_수산,전복 1kg,20000,50,8809297283517 ,https://i.imgur.com/xthQ3w5.png
19,해산_수산,새우 1kg,20000,50,8809297283518 ,https://i.imgur.com/3jnXxYk.png
20,해산_수산,바지락 1kg,5000,50,8809297283519 ,https://i.imgur.com/1syzBbA.png
21,채소_과일,상추 200g,2500,50,8809297283520 ,https://i.imgur.com/hqNoyQb.png
22,채소_과일,시금치 1단,3000,50,8809297283521 ,https://i.imgur.com/qU5qEQr.png
23,채소_과일,양파 1개,1500,50,8809297283522 ,https://i.imgur.com/rhNooMj.png
24,채소_과일,당근 1개,1200,50,8809297283523 ,https://i.imgur.com/WXBrrPS.png
25,채소_과일,감자 1개,2000,50,8809297283524 ,https://i.imgur.com/8RyVR3D.png
26,채소_과일,양배추 1개,4500,50,8809297283525 ,https://i.imgur.com/DZYLuZA.png
27,채소_과일,토마토 500g,4000,50,8809297283526 ,https://i.imgur.com/A0U3VhE.png
28,채소_과일,파프리카 1개,3500,50,8809297283527 ,https://i.imgur.com/hGZC1pN.png
29,채소_과일,마늘 1kg,10000,50,8809297283528 ,https://i.imgur.com/praMSGw.png
30,채소_과일,고추 300g,6000,50,8809297283529 ,https://i.imgur.com/EKdQomG.png
31,생활_가전,케라시스 퍼퓸 샴푸 체리블라썸,6500,50,8809297283530 ,https://i.imgur.com/MjsG4dD.png
32,생활_가전,케라시스 퍼퓸 린스 체리블라썸,7100,50,8809297283531 ,https://i.imgur.com/d77D4PS.png
33,생활_가전,피죤 레귤러 섬유유연제 핑크로즈,8700,50,8809297283532 ,https://i.imgur.com/F1ZfDKN.png
34,생활_가전,다우니 프리미엄 실내건조 액체형 세제,12000,50,8809297283533 ,https://i.imgur.com/wZYFs2f.png
35,생활_가전,퍼실 딥 클린 라벤더젤 플러스 드럼용 액상세제,14800,50,8809297283534 ,https://i.imgur.com/fwZzBdq.png
36,생활_가전,잘풀리는집 맥스소프트 화장지,16500,50,8809297283535 ,https://i.imgur.com/UhBACDl.png
37,생활_가전,페브리즈 에어 실내 탈취제 다우니향,14000,50,8809297283536 ,https://i.imgur.com/iTu0vZL.png
38,생활_가전,페브리즈 섬유탈취제 강력탈취 상쾌한향,5000,50,8809297283537 ,https://i.imgur.com/F65jsKV.png
39,생활_가전,페브리즈 섬유탈취제 강력탈취 미스티크,7500,50,8809297283538 ,https://i.imgur.com/HTFZkpM.png
40,생활_가전,도브 뷰티너리싱 바디워시,6200,50,8809297283539 ,https://i.imgur.com/11Jzr8N.png
41,생활_가전,세타필 모이스춰라이징 바디로션,11000,50,8809297283540 ,https://i.imgur.com/LBjRljD.png
42,생활_가전,바세린 오리지널 프로텍팅 젤리,3000,50,8809297283541 ,https://i.imgur.com/OB4OCIX.png
43,생활_가전,2080 오리지날 미세모 칫솔,6800,50,8809297283542 ,https://i.imgur.com/H0quLBp.png
44,생활_가전,페리오 뉴 후레쉬 플러스 치약,1500,50,8809297283543 ,https://i.imgur.com/mjNP0Q7.png
45,생활_가전,도루코 쓰리터치 일회용 3날 면도기,1200,50,8809297283544 ,https://i.imgur.com/hmv9e36.png
46,생활_가전,질레트 센서티브 2 in 1 퓨어스포츠 쉐이빙젤 면도젤,6000,50,8809297283545 ,https://i.imgur.com/PCblAav.png
47,생활_가전,니베아 맨 센서티브 쉐이빙 폼,6600,50,8809297283546 ,https://i.imgur.com/Kl6Dumu.png
48,생활_가전,파테크 초고출력 헤어 드라이어,23900,50,8809297283547 ,https://i.imgur.com/bakkPUH.png
49,생활_가전,바비리스 다이아몬드 세라믹 스트레이트너 고데기,28900,50,8809297283548 ,https://i.imgur.com/ASW9tdI.png
50,생활_가전,필립스 SkinIQ 7000 시리즈 전기면도기,168000,50,8809297283549 ,https://i.imgur.com/YOSH0Vf.png
51,생활_가전,삼성전자 15W PD 정품 C타입 고속 충전기 케이블 포함,14000,50,8809297283550 ,https://i.imgur.com/2ck5vrz.png
52,생활_가전,BRUNO 쿨터치 무선 전기포트,27800,50,8809297283551 ,https://i.imgur.com/QpYMgie.png
53,생활_가전,쿠쿠 에어프라이어,75600,50,8809297283552 ,https://i.imgur.com/43q36bz.png
54,생활_가전,키친플라워 쿠킨 유리 티포트,19800,50,8809297283553 ,https://i.imgur.com/tD0754C.png
55,생활_가전,쿠쿠 전기압력밥솥,143000,50,8809297283554 ,https://i.imgur.com/u5Gv1xL.png
56,생활_가전,쿠쿠 전자레인지 다이얼식,57000,50,8809297283555 ,https://i.imgur.com/7cil9xJ.png
57,생활_가전,신일 좌석용 선풍기,78900,50,8809297283556 ,https://i.imgur.com/CC8GOKz.png
58,주류_음료,삼다수 2L,1080,50,8809297283557 ,https://i.imgur.com/mhYpYjE.png
59,주류_음료,삼다수 500ml,480,50,8809297283558 ,https://i.imgur.com/XWLzo3O.png
60,주류_음료,칠성사이다 1L,2580,50,8809297283559 ,https://i.imgur.com/IZBN45S.png
61,주류_음료,칠성사이다 500ml,1880,50,8809297283560 ,https://i.imgur.com/XTj8j3r.png
62,주류_음료,칠성사이다 제로 1L,2580,50,8809297283561 ,https://i.imgur.com/fo98Y0B.png
63,주류_음료,칠성사이다 제로 500ml,1880,50,8809297283562 ,https://i.imgur.com/LyyS79N.png
64,주류_음료,코카콜라 500ml,2080,50,8809297283563 ,https://i.imgur.com/4fx7DKN.png
65,주류_음료,코카콜라 제로 500ml,2080,50,8809297283564 ,https://i.imgur.com/40JNjL2.png
66,주류_음료,코카콜라 몬스터 에너지 330ml,2180,50,8809297283565 ,https://i.imgur.com/G6s4OeJ.png
67,주류_음료,칸타타 스위트 아메리카노 275ml,2380,50,8809297283566 ,https://i.imgur.com/y0gOjdQ.png
68,주류_음료,환타 오렌지 355ml,840,50,8809297283567 ,https://i.imgur.com/aqwLcUW.png
69,주류_음료,밀키스 500ml,1680,50,8809297283568 ,https://i.imgur.com/zKxXgB3.png
70,주류_음료,서울우유 1L,2960,50,8809297283569 ,https://i.imgur.com/5clLApl.png
71,주류_음료,서울우유 액상 요구르트 65ml * 20,3100,50,8809297283570 ,https://i.imgur.com/woi8Mu5.png
72,주류/음료,델몬트 알로에 400ml,2180,50,8809297283571 ,https://i.imgur.com/Crjnt5F.png
73,스낵_가공,오리온 초코파이 12입 468g,4320,50,8809297283572 ,https://i.imgur.com/5puNX7n.png
74,스낵_가공,해태 오예스 12입 360g,4780,50,8809297283573 ,https://i.imgur.com/fnGKmk2.png
75,스낵_가공,해태 홈런볼 초코 46g,1360,50,8809297283574 ,https://i.imgur.com/2sqAEDe.png
76,스낵_가공,롯데 빼빼로 오리지날 54g,1440,50,8809297283575 ,https://i.imgur.com/Gt27tBp.png
77,스낵_가공,오리온 포카칩 소금 66g,1360,50,8809297283576 ,https://i.imgur.com/rp1UlAt.png
78,스낵_가공,오리온 스윙칩 볶음 고추장맛 60g,1200,50,8809297283577 ,https://i.imgur.com/DRnHqEo.png
79,스낵_가공,해태 허니버터칩 60g,2000,50,8809297283578 ,https://i.imgur.com/7JCw9Nj.png
80,스낵_가공,오리온 다이제 초코 225g,2000,50,8809297283579 ,https://i.imgur.com/xHeyuom.png
81,스낵_가공,오리온 오감자 그라탕맛 45g,1000,50,8809297283580 ,https://i.imgur.com/cf2m3Y8.png
82,스낵_가공,크라운 쿠크다스 비엔나 커피 289g,3680,50,8809297283581 ,https://i.imgur.com/gal6Z7d.png
83,스낵_가공,농심 포스틱 84g,1360,50,8809297283582 ,https://i.imgur.com/eyQACgS.png
84,스낵_가공,농심 새우깡 90g,1100,50,8809297283583 ,https://i.imgur.com/y5UP6dC.png
85,스낵_가공,오리온 눈을감자 페퍼솔트맛 96g,2700,50,8809297283584 ,https://i.imgur.com/fah3pIC.png
86,스낵_가공,오뚜기 뿌셔뿌셔 양념치킨맛 90g,880,50,8809297283585 ,https://i.imgur.com/hTkKty6.png
87,스낵_가공,크라운 화이트하임 18개입 284g,4780,50,8809297283586 ,https://i.imgur.com/2e667Qz.png
88,사무_문구,평화 양손가위,2200,50,8809297283587 ,https://i.imgur.com/KSgomXW.png
89,사무_문구,이젠 레이지스타 커터칼,1500,50,8809297283588 ,https://i.imgur.com/gpWDXpx.png
90,사무_문구,제트스트림 검정 0.38mm,1700,50,8809297283589 ,https://i.imgur.com/wbUoxIt.png
91,사무_문구,문화 제도샤프 2본 0.5mm,2200,50,8809297283590 ,https://i.imgur.com/ZKC4odc.png
92,사무_문구,동아 오피스 지우개연필 2B 6입,1600,50,8809297283591 ,https://i.imgur.com/P3qjTgE.png
93,사무_문구,모나미 에딩슈퍼 형광펜 파스텔 6색 세트,2400,50,8809297283592 ,https://i.imgur.com/7rz1kaC.png
94,사무_문구,모닝 더베이직노트,1000,50,8809297283593 ,https://i.imgur.com/BcGuSyN.png
95,사무_문구,3M 포스트잇 노랑 51x76mm 100매,1600,50,8809297283594 ,https://i.imgur.com/0aEEhWC.png
96,사무_문구,더블에이 복사지 A4 500매,7100,50,8809297283595 ,https://i.imgur.com/4ubcLCB.png
97,사무_문구,프롬 커팅안전자 모노 30cm,1700,50,8809297283596 ,https://i.imgur.com/huk7gSh.png
98,사무_문구,평화 피스클립 30g,400,50,8809297283597 ,https://i.imgur.com/D2YrhOT.png
99,사무_문구,아모스 딱풀 8g 3입,1250,50,8809297283598 ,https://i.imgur.com/avXnWu4.png
100,사무_문구,A4 파일폴더 투명 서류 분류파일,1400,50,8809297283599 ,https://i.imgur.com/4WHvxtU.png
101,사무_문구,맥스 스테플러 MAX HD-10D 그레이,8400,50,8809297283600 ,https://i.imgur.com/D2UjqPc.png
102,사무_문구,모나미그리픽스 지우개 (소형),1350,50,8809297283601 ,https://i.imgur.com/yqoYBZ9.png
103,스낵_가공,마가렛트352g,5200,50,8809297283602 ,https://i.imgur.com/Mz5mWNM.png
104,스낵_가공,리코스 라운드 나쵸 칩 454g,6000,50,8809297283603 ,https://i.imgur.com/zzaP6gR.png
105,스낵_가공,롯데 꼬깔콘 군옥수수맛 67G,1500,50,8809297283604 ,https://i.imgur.com/rN88mwN.png
106,스낵_가공,풀무원 24시 깔끔 즉석우동 2인분 320g,5000,50,8809297283605 ,https://i.imgur.com/OztyKHL.png
107,스낵_가공,하코야 오뎅전골 751g,22790,50,8809297283606 ,https://i.imgur.com/6ku1L2U.png
108,스낵_가공,농심 신라면 120g 5개,3900,50,8809297283607 ,https://i.imgur.com/nJXl68Q.png
109,스낵_가공,농심 너구리 얼큰한 맛 120g 5개,4500,50,8809297283608 ,https://i.imgur.com/qS0UYWl.png
110,스낵_가공,삼양 불닭볶음면 140g 5개,4590,50,8809297283609 ,https://i.imgur.com/1v0OV4S.png
111,스낵_가공,농심 짜파게티 140g 5개,4800,50,8809297283610 ,https://i.imgur.com/CV0lWac.png
112,스낵_가공,팔도 팔도비빔면 130g 4개,5770,50,8809297283611 ,https://i.imgur.com/um713Id.png
113,스낵_가공,동원 라이트 스탠다드 참치 85g 8개,12140,50,8809297283612 ,https://i.imgur.com/Bl8Sesz.png
114,스낵_가공,오뚜기 초당옥수수 통조림 340g,2410,50,8809297283613 ,https://i.imgur.com/x01n0P2.png
115,스낵_가공,곰곰 칼집 비엔나 소시지 1kg,6540,50,8809297283614 ,https://i.imgur.com/mDPKTKb.png
116,스낵_가공,곰곰 알찬 후랑크소시지 500g 2개,10380,50,8809297283615 ,https://i.imgur.com/Nnm5l4t.png
117,스낵_가공,햇반 백미밥 210g 6개,5970,50,8809297283616 ,https://i.imgur.com/0XRSjYW.png
118,스낵_가공,비비고 왕교자 (냉동) 1.05kg,9350,50,8809297283617 ,https://i.imgur.com/jrF70dK.png
119,스낵_가공,고메 통등심 돈카츠 (냉동) 450g,8380,50,8809297283618 ,https://i.imgur.com/7SyCouu.png
120,스낵_가공,하림 치킨너겟 (냉동) 1.2kg,10630,50,8809297283619 ,https://i.imgur.com/naizB4J.png
121,스낵_가공,오뚜기 불고기 피자 396g,8500,50,8809297283620 ,https://i.imgur.com/9dKJf8o.png
122,스낵_가공,고메 크리스피핫도그 400g 2개,14120,50,8809297283621 ,https://i.imgur.com/BBRyuic.png
123,주류_음료,아이시스 생수 2L 6개,5800,50,8809297283622 ,https://i.imgur.com/ZJNi2qH.png
124,주류_음료,카스 프레쉬 캔맥주 500ml,2180,50,8809297283623 ,https://i.imgur.com/YlBLyDs.png
125,주류_음료,처음처럼 소주 360ml,1400,50,8809297283624 ,https://i.imgur.com/RDnILxo.png
126,주류_음료,장수 막걸리 750ml,1680,50,8809297283625 ,https://i.imgur.com/Bda0B8X.png
127,주류_음료,롯데칠성음료 트레비 라임 펫 300ml,530,50,8809297283626 ,https://i.imgur.com/UnFvJKn.png
128,주류_음료,맥심 티오피 마스터라떼 TOP 캔커피 275ml,970,50,8809297283627 ,https://i.imgur.com/u9C3Xuk.png
129,주류_음료,레쓰비 마일드 캔커피 175ml,410,50,8809297283628 ,https://i.imgur.com/i48qpl3.png
130,주류_음료,실론티 240ml,800,50,8809297283629 ,https://i.imgur.com/Y998rO6.png
131,주류_음료,옥수수수염차 웅진 500ml,1000,50,8809297283630 ,https://i.imgur.com/UYfe4V2.jpeg
132,주류_음료,광동 더 진한 헛개차 골드라벨 500ml,1010,50,8809297283631 ,https://i.imgur.com/chAAsG3.png
133,주류_음료,하늘보리 웅진 PET 325ml,900,50,8809297283632 ,https://i.imgur.com/uLN85XB.png
134,주류_음료,델몬트 알로에 주스 1.5L,2500,50,8809297283633 ,https://i.imgur.com/JeOTWfK.png
135,주류_음료,미닛메이드 오리지널 오렌지 주스1L,1790,50,8809297283634 ,https://i.imgur.com/D3JZ8RP.png
136,주류_음료,썬키스트 포도주스 1.5L,4430,50,8809297283635 ,https://i.imgur.com/ZLHpWxc.png
137,주류_음료,동아오츠카 박카스D 100ml,720,50,8809297283636 ,https://i.imgur.com/hirk7VA.png
138,주류_음료,"광동제약 비타500 병, 180ml",1390,50,8809297283637 ,https://i.imgur.com/3q83coR.png
139,주류_음료,웅진 초록매실 500ml,980,50,8809297283638 ,https://i.imgur.com/X1SQTaG.png
140,주류_음료,남양유업 초코에몽 180m,900,50,8809297283639 ,https://i.imgur.com/Gbwhjuv.png
141,주류_음료,내장산 복분자주 16도 360ml,6910,50,8809297283640 ,https://i.imgur.com/o5qyPD3.png
142,주류_음료,동아오츠카 포카리스웨트 240ml,720,50,8809297283641 ,https://i.imgur.com/KMpwz0O.png
143,사무_문구,코멧 53 μm 경포장용 박스 테이프 48 mm*40 m 5개,3160,50,8809297283642 ,https://i.imgur.com/gxhwygX.png
144,사무_문구,펜맥스 12각 세필 보드마카 검정 12개,3140,50,8809297283643 ,https://i.imgur.com/oKVrU8a.png
145,사무_문구,수정 지우개 화이트 바르네 수정테이프,750,50,8809297283644 ,https://i.imgur.com/zJwQkxN.png
146,사무_문구,모나미 어데나500 시험용사인펜 컴퓨터싸인펜,110,50,8809297283645 ,https://i.imgur.com/gYDSuW5.png
147,사무_문구,모닝글로리 3000 테마컬러 원링 스프링노트,2210,50,8809297283646 ,https://i.imgur.com/UN5WuEz.png
148,사무_문구,화일사랑 A4 컬러 정부화일,110,50,8809297283647 ,https://i.imgur.com/gebjHyj.png
149,사무_문구,A4 크라프트 각대 서류봉투?,490,50,8809297283648 ,https://i.imgur.com/MJjHUfY.png
150,사무_문구,문구마을 A4무지봉투 규격봉투 105x220mm 200매,2500,50,8809297283649 ,https://i.imgur.com/38fPvSf.png
151,사무_문구,동성피피 더블집게 중 50개입,5900,50,8809297283650 ,https://i.imgur.com/9LfCqhC.png
152,사무_문구,팬시 압정 5컬러 35개입,700,50,8809297283651 ,https://i.imgur.com/4GGaJzf.png
153,사무_문구,칼라 2공 바인더 하드커버 파일철 3cm 칼라보드파일 A4,2200,50,8809297283652 ,https://i.imgur.com/GHbJYs2.png
154,사무_문구,시스맥스 뉴킹꽂이 파일꽂이,2440,50,8809297283653 ,https://i.imgur.com/7ivKot8.png
155,사무_문구,크리에잇투 원형컬러 라벨스티커 32mm,200,50,8809297283654 ,https://i.imgur.com/Zxj74JH.png
156,사무_문구,화신 글루건 소+핫멜트 소 7mm 1세트,11990,50,8809297283655 ,https://i.imgur.com/6ytWJLS.png
157,사무_문구,3M 스카치테이프 522D (12mm),920,50,8809297283656 ,https://i.imgur.com/e51mtbh.png
158,사무_문구,1구 펀치  미니 기계 종이  타공기 문서펀칭기,1570,50,8809297283657 ,https://i.imgur.com/WxMdHI3.png
159,사무_문구,고무나라 700 미디어 목걸이명찰 세로 파랑 10개,3260,50,8809297283658 ,https://i.imgur.com/iXPEUA1.png
160,사무_문구,홈플래닛 LED 안티 블루라이트 학습용 스탠드,22800,50,8809297283659 ,https://i.imgur.com/mjzBO1N.png
161,사무_문구,2025년 모닝글로리 스탠딩 캘린더,5550,50,8809297283660 ,https://i.imgur.com/r0vizQJ.png
162,사무_문구,원자 super 802 다용도 순간 접착제 6ml 투명 본드,490,50,8809297283661 ,https://i.imgur.com/retHsLM.png
163,생활_가전,테팔 컴포트 주방칼 식도,14400,50,8809297283662 ,https://i.imgur.com/zmYrpI4.png
164,생활_가전,코멕스 위생 도마,3900,50,8809297283663 ,https://i.imgur.com/wMhisdj.png
165,생활_가전,바겐슈타이거 플렉시벨 실리콘 뒤집개,5390,50,8809297283664 ,https://i.imgur.com/DgrENE6.png
166,생활_가전,리빙글로리 모던 스테인리스 국자 중,6900,50,8809297283665 ,https://i.imgur.com/c60iT2c.png
167,생활_가전,코멧 국산 스테인레스 성인 수저세트,4990,50,8809297283666 ,https://i.imgur.com/ZbcHLoR.png
168,생활_가전,바베큐 집게,1590,50,8809297283667 ,https://i.imgur.com/eRkK4n5.png
169,생활_가전,코멧 홈 편수 노란 양은냄비 18cm,7800,50,8809297283668 ,https://i.imgur.com/4sq5AG6.png
170,생활_가전,키친아트 아티스트 양수냄비,11820,50,8809297283669 ,https://i.imgur.com/1umr7X6.png
171,생활_가전,테팔 티타늄 심플쿡 프라이팬 28cm,24620,50,8809297283670 ,https://i.imgur.com/nFY7dfb.png
172,생활_가전,코멧 키친 스테인레스 찜기 소형 22.5cm,5180,50,8809297283671 ,https://i.imgur.com/3LPJUGA.png
173,생활_가전,크라운포드 2인 식기세트 14p,16050,50,8809297283672 ,https://i.imgur.com/3IXXVCu.png
174,생활_가전,코멧 홈 데일리 파스텔 머그컵 4종 세트,15240,50,8809297283673 ,https://i.imgur.com/FtHc1mr.png
175,생활_가전,락앤락 비스프리 밀폐용기 반찬통,25890,50,8809297283674 ,https://i.imgur.com/EUvO1DU.png
176,생활_가전,착한식재료 착한 위생호일 25cm x 30m,4700,50,8809297283675 ,https://i.imgur.com/VcxL4Di.png
177,생활_가전,코멧 더블 지퍼백 혼합팩 중형 50매 + 대형 50매,7990,50,8809297283676 ,https://i.imgur.com/wm9xBII.png
178,생활_가전,탐사 베이킹소다 주방세제 레몬 780ml,2890,50,8809297283677 ,https://i.imgur.com/KZIKw5L.png
179,생활_가전,롯데이라이프 고무장갑,1800,50,8809297283678 ,https://i.imgur.com/lEVJmPd.png
180,생활_가전,홈파워 휘슬 주전자,9500,50,8809297283679 ,https://i.imgur.com/JiJpURS.png
181,생활_가전,테팔 미니 커피메이커,31570,50,8809297283680 ,https://i.imgur.com/MmtMjZM.png
182,생활_가전,대웅모닝컴 싸이클론 유선 진공청소기,49800,50,8809297283681 ,https://i.imgur.com/YYxYRhN.png
183,정육_축산,돼지고기 LA갈비 800g,23990,50,8809297283682 ,https://i.imgur.com/hq9dtpp.png
184,정육_축산,닭백숙용 850g,7220,50,8809297283683 ,https://i.imgur.com/fRaqZF3.png
185,정육_축산,한우 샤브샤브 300g,15990,50,8809297283684 ,https://i.imgur.com/zZALSIf.png
186,정육_축산,한우 치마살 200g,36960,50,8809297283685 ,https://i.imgur.com/ggGWgiB.png
187,정육_축산,닭목살 1kg,10300,50,8809297283686 ,https://i.imgur.com/m73x7gp.png
188,정육_축산,한우 토시살 200g,29510,50,8809297283687 ,https://i.imgur.com/ewYTNab.png
189,정육_축산,오리주물럭 500g,11490,50,8809297283688 ,https://i.imgur.com/mlL1V4p.png
190,정육_축산,양꼬치  280g,12900,50,8809297283689 ,https://i.imgur.com/aQXVKiK.png
191,정육_축산,계란(30입),7000,50,8809297283690 ,https://i.imgur.com/WbjLrV1.png
192,해산_수산,삼치 1마리,3990,50,8809297283691 ,https://i.imgur.com/L6OgyAN.png
193,해산_수산,오징어 300g,7900,50,8809297283692 ,https://i.imgur.com/V3mJKWQ.png
194,해산_수산,명란 400g,11920,50,8809297283693 ,https://i.imgur.com/8g7Pf5E.png
195,해산_수산,낙지 220g,8100,50,8809297283694 ,https://i.imgur.com/DtFeGfd.png
196,해산_수산,문어 850g,33900,50,8809297283695 ,https://i.imgur.com/OUfqmhk.png
197,해산_수산,생굴 350g,6800,50,8809297283696 ,https://i.imgur.com/AgaFJQq.png
198,해산_수산,관자 500g,15900,50,8809297283697 ,https://i.imgur.com/6378wMG.png
199,해산_수산,홍합 3kg,14900,50,8809297283698 ,https://i.imgur.com/INLxLMS.png
200,해산_수산,굴비 380g,20900,50,8809297283699 ,https://i.imgur.com/oV75naZ.png
201,해산_수산,꽃게 700g,19900,50,8809297283700 ,https://i.imgur.com/5ZRRsfC.png
202,채소_과일,대파 1kg,3720,50,8809297283701 ,https://i.imgur.com/hdwnedM.png
203,채소_과일,깻잎 100g,4290,50,8809297283702 ,https://i.imgur.com/ULwhFeO.png
204,채소_과일,콩나물 2kg,4710,50,8809297283703 ,https://i.imgur.com/ukvZV7c.png
205,채소_과일,무 1kg,3490,50,8809297283704 ,https://i.imgur.com/lRizqG7.png
206,채소_과일,애호박 1개,2480,50,8809297283705 ,https://i.imgur.com/s6Pst7c.png
207,채소_과일,사과 1kg,18290,50,8809297283706 ,https://i.imgur.com/PXoyaMI.png
208,채소_과일,배 1kg,14750,50,8809297283707 ,https://i.imgur.com/FvhMNJJ.png
209,채소_과일,포도 1kg,8660,50,8809297283708 ,https://i.imgur.com/jkl8nJd.png
210,채소_과일,귤 3kg,15750,50,8809297283709 ,https://i.imgur.com/Lo6ML5B.png
211,채소_과일,딸기 1kg,33500,50,8809297283710 ,https://i.imgur.com/TXjVxuR.png
212,채소_과일,수박 1통,28990,50,8809297283711 ,https://i.imgur.com/eFSimMn.png
213,곡물_견과,쌀 10kg,27990,50,8809297283712 ,https://i.imgur.com/pWUUyVR.png
214,곡물_견과,찹쌀 2kg,9900,50,8809297283713 ,https://i.imgur.com/4z6dipe.png
215,곡물_견과,현미 2kg,9980,50,8809297283714 ,https://i.imgur.com/ytYbZHE.png
216,곡물_견과,흑미 2kg,14900,50,8809297283715 ,https://i.imgur.com/YBXL7EE.png
217,곡물_견과,서리태 1.6kg,17900,50,8809297283716 ,https://i.imgur.com/k9jCFGp.png
218,곡물_견과,백태 1.6kg,13800,50,8809297283717 ,https://i.imgur.com/foAZyr4.png
219,곡물_견과,귀리 1kg,15160,50,8809297283718 ,https://i.imgur.com/3xZ14ul.png
220,곡물_견과,오트밀 800g,11900,50,8809297283719 ,https://i.imgur.com/Jtpd0g4.png
221,곡물_견과,기장 1kg,3990,50,8809297283720 ,https://i.imgur.com/L7AP6C2.png
222,곡물_견과,병아리콩 2kg,8980,50,8809297283721 ,https://i.imgur.com/kJyWAg0.png
223,곡물_견과,미숫가루 1kg,19900,50,8809297283722 ,https://i.imgur.com/pKBH8Yd.png
224,곡물_견과,아몬드 1kg,14700,50,8809297283723 ,https://i.imgur.com/0L0UwYP.png
225,곡물_견과,호두 1kg,11900,50,8809297283724 ,https://i.imgur.com/6g8CUGk.png
226,곡물_견과,마카다미아 1kg,28900,50,8809297283725 ,https://i.imgur.com/huvWGuP.png
227,곡물_견과,피칸 1kg,23900,50,8809297283726 ,https://i.imgur.com/K7AcH6k.png
228,곡물_견과,피스타치오 1kg,17610,50,8809297283727 ,https://i.imgur.com/mLID4x1.png
229,곡물_견과,캐슈넛 1kg,18510,50,8809297283728 ,https://i.imgur.com/qPLSexv.png
230,곡물_견과,땅콩 1kg,8550,50,8809297283729 ,https://i.imgur.com/hLMgwBJ.png
231,곡물_견과,건포도 1kg,8820,50,8809297283730 ,https://i.imgur.com/VMcevPc.png
232,곡물_견과,김부각 50g,4470,50,8809297283731 ,https://i.imgur.com/FDi9wlG.png
233,정육_축산,돼지고기 대패삼겹살 1kg,19900,50,8809297283732 ,https://i.imgur.com/iKBib9O.png
234,생활_가전,바베큐 참숯 숯불 3kg,8500,50,8809297283733 ,https://thumbnail10.coupangcdn.com/thumbnails/remote/230x230ex/image/retail/images/113842241191849-1f456a21-26bd-40c0-abac-e46623d8ca4b.jpg
235,생활_가전,지피니 접이식 바베큐 숯불 그릴,29750,50,8809297283734 ,https://thumbnail10.coupangcdn.com/thumbnails/remote/230x230ex/image/1025_amir_coupang_oct_80k/6bc9/9f93474633d872c892a4cd60072a63c0507963283dc964ff46aa1ef83606.jpg
236,생활_가전,지피니 사각 바비큐 태망 석쇠 그릴,800,50,8809297283735 ,https://thumbnail7.coupangcdn.com/thumbnails/remote/230x230ex/image/1025_amir_coupang_oct_80k/a25a/a6509a4a292c354e88c94e88927ecb2ba8a15471f91fb5166a3f5c1f3fec.jpg
237,생활_가전,타오진 원터치 텐트 캠핑 그늘막,79000,50,8809297283736 ,https://thumbnail9.coupangcdn.com/thumbnails/remote/230x230ex/image/vendor_inventory/3b8a/0e6cd827cdc55a8628c29697338dae0f4ce6e22fdeafc0dfa5724d50ead5.jpg
238,생활_가전,베어하이크 릴렉스 캠핑 의자,47900,50,8809297283737 ,https://thumbnail10.coupangcdn.com/thumbnails/remote/230x230ex/image/retail/images/2024/07/12/17/7/7e9d12bf-c68a-4085-b56f-55d8bd86a57d.jpg
239,스낵_가공,청정원 이탈리아 정통 스파게티 면 500g,2600,50,8809297283738 ,https://thumbnail8.coupangcdn.com/thumbnails/remote/230x230ex/image/1025_amir_coupang_oct_80k/5be1/a0a82e4bbcee222e4a013bcaf6358e4467281994afd2daf45fe66a19fde5.jpg
240,스낵_가공,면사랑 몰리자나 링귀네 면 500g,3800,50,8809297283739 ,https://thumbnail9.coupangcdn.com/thumbnails/remote/230x230ex/image/retail/images/2021/10/21/10/1/3c184057-e8a0-4067-9a32-5162c326848f.jpg
241,스낵_가공,샘표 쌀 소면 800g 2개,7600,50,8809297283740 ,https://thumbnail7.coupangcdn.com/thumbnails/remote/230x230ex/image/1025_amir_coupang_oct_80k/d1da/e92f97754ab9ff2f47e36639ddc845343d78716f56551bb550ff658d9bd0.jpg
242,스낵_가공,사포코  쌀국수면 300g,1850,50,8809297283741 ,https://thumbnail6.coupangcdn.com/thumbnails/remote/230x230ex/image/1025_amir_coupang_oct_80k/2d77/9bbbb7e63373776758c4549e4b75698ec054688b8ff1a193754c0f15bc8f.jpg
243,스낵_가공,청정원 천일염 소금 500g,3400,50,8809297283742 ,https://thumbnail9.coupangcdn.com/thumbnails/remote/230x230ex/image/retail/images/551153273610510-fbf399af-9860-46ee-9299-2c2c99fc030e.jpg
244,스낵_가공,백설 하얀 설탕 3kg,6000,50,8809297283743 ,https://thumbnail6.coupangcdn.com/thumbnails/remote/230x230ex/image/retail/images/528760842929887-5ed6ad10-9a8c-41b7-a055-a3db6fca4b43.jpg
245,스낵_가공,샘표 진간장 860ml,4800,50,8809297283744 ,https://thumbnail9.coupangcdn.com/thumbnails/remote/230x230ex/image/1025_amir_coupang_oct_80k/7b56/4a82151a8ca7a5a8cb0ccd963b2a3a2a1b21174d249108f1c9cef80c1985.jpg
246,스낵_가공,샘표 국간장 860ml,5160,50,8809297283745 ,https://thumbnail10.coupangcdn.com/thumbnails/remote/230x230ex/image/1025_amir_coupang_oct_80k/cad3/2086deb38f558e17322ad4d761b3d8ad0dd9d718d08c91508922681dab2d.jpg
247,스낵_가공,청정원 순창 태양초 고추장 1kg,6000,50,8809297283746 ,https://thumbnail9.coupangcdn.com/thumbnails/remote/230x230ex/image/1025_amir_coupang_oct_80k/6569/16a0c2a56c6d7edbc85ef1192a9c97d9eb66fc9db8c08b7fa9d331c79e3f.jpg
248,스낵_가공,비비고 썰은 배추김치 1.8kg,18000,50,8809297283747 ,https://thumbnail9.coupangcdn.com/thumbnails/remote/230x230ex/image/1025_amir_coupang_oct_80k/0bc5/325d8802f790060179882959d04eb278f388b916ffa935173c2f8a3e4fe0.jpg
249,스낵_가공,곰곰 국내산 포기김치 2kg,16000,50,8809297283748 ,https://thumbnail10.coupangcdn.com/thumbnails/remote/230x230ex/image/retail/images/1847406067326389-9ea17d13-c646-4cf4-8786-94dfbb770da7.jpg
250,스낵_가공,이금기 팬더 굴소스 510g,3900,50,8809297283749 ,https://thumbnail7.coupangcdn.com/thumbnails/remote/230x230ex/image/1025_amir_coupang_oct_80k/7f4c/eefd23f62b59c8ec911228f4bbfaa545b6c4ea8e19e2ce985b8be50f5c64.jpg
251,스낵_가공,해표 콩기름 식용유 1.8L,6100,50,8809297283750 ,https://thumbnail7.coupangcdn.com/thumbnails/remote/230x230ex/image/1025_amir_coupang_oct_80k/3433/3f332f991e9f2b93250bd3f2aaf7af01723960d5e4d781a6ffad85b474f8.jpg
252,스낵_가공,폰타나 엑스트라 버진 올리브유 오일,18600,50,8809297283751 ,https://thumbnail10.coupangcdn.com/thumbnails/remote/230x230ex/image/retail/images/7887488461446675-ee599bbd-26ab-4878-8054-6732f8b2dfcf.jpg
253,스낵_가공,곰표 밀가루 중력다목적용 2kg,3580,50,8809297283752 ,https://thumbnail10.coupangcdn.com/thumbnails/remote/230x230ex/image/1025_amir_coupang_oct_80k/8941/335f424412d92ddeb2b384b224cbd288adbefc06b0ec734ca93107f92697.jpg
254,스낵_가공,앵커 냉동 버터 450g,7700,50,8809297283753 ,https://thumbnail10.coupangcdn.com/thumbnails/remote/230x230ex/image/retail/images/4432261188657315-ef1c39ec-3ba7-4aee-9659-305821310164.jpg
255,스낵_가공,상하치즈 체다 슬라이스 치즈 250g 2개,9000,50,8809297283754 ,https://thumbnail7.coupangcdn.com/thumbnails/remote/230x230ex/image/retail/images/5222847657681017-f6ae1323-087f-413d-b388-2952fc061b5f.jpg
256,스낵_가공,크래프트 파마산 파르메산 치즈 170g 2개,16500,50,8809297283755 ,https://thumbnail10.coupangcdn.com/thumbnails/remote/230x230ex/image/retail/images/2022/12/21/17/6/f63d50b1-48d2-42ae-aba8-03969a6d64d7.jpg
257,스낵_가공,오뚜기 토마토 케첩 800g,3800,50,8809297283756 ,https://thumbnail6.coupangcdn.com/thumbnails/remote/230x230ex/image/1025_amir_coupang_oct_80k/43ef/6486ac02ec9e11254b48d018b0b9b05161a4f7b9187ce89a9f968c954e11.jpg
258,스낵_가공,오뚜기 허니 머스타드 535g,4940,50,8809297283757 ,https://thumbnail9.coupangcdn.com/thumbnails/remote/230x230ex/image/1025_amir_coupang_oct_80k/41ea/6605a0fce985c3b8e1ffc185f706aeb041d191102dfe091dec9a490519d2.jpg
259,스낵_가공,오뚜기 순후추 100g,5490,50,8809297283758 ,https://thumbnail10.coupangcdn.com/thumbnails/remote/230x230ex/image/1025_amir_coupang_oct_80k/27fd/ed43e782c717fce80482b47e4c799b7cec4058c34ece3b25149c1b5654fc.jpg
260,스낵_가공,청정원 요리 통후추 35g,5300,50,8809297283759 ,https://thumbnail6.coupangcdn.com/thumbnails/remote/230x230ex/image/1025_amir_coupang_oct_80k/2186/e85dc9552271ea9294d3006867a14c09acd5b19e12d8fe67b1af12d7b4c1.jpg
261,스낵_가공,내츄럴스파이스 페페론치노 페퍼로치노 34g,6800,50,8809297283760 ,https://thumbnail8.coupangcdn.com/thumbnails/remote/230x230ex/image/1025_amir_coupang_oct_80k/af70/a9b42f98e9f58ff42046a4b8db7e1852cf09042195f338fa710d84727e18.jpg
262,스낵_가공,크러쉬드 레드페퍼 100g,5500,50,8809297283761 ,https://thumbnail8.coupangcdn.com/thumbnails/remote/230x230ex/image/retail/images/76893519037697-56d30cdc-a673-4999-b880-b815aa2ec39d.jpg
263,스낵_가공,곰곰 국내산 파채 300g,3280,50,8809297283762 ,https://thumbnail8.coupangcdn.com/thumbnails/remote/230x230ex/image/1025_amir_coupang_oct_80k/fc12/e0cee1c59441d4752a2332323a2fe4f5f66dfdc33fbc4b195002fea65312.jpg
264,스낵_가공,청정원 쉐프의 치킨스톡 340g,5790,50,8809297283763 ,https://thumbnail10.coupangcdn.com/thumbnails/remote/230x230ex/image/1025_amir_coupang_oct_80k/2a79/19663884d4cea290c5bf13e3057a88faec01980729b7b56ff0313a0506a4.jpg
265,스낵_가공,삼립 통밀식빵 755g,2900,50,8809297283764 ,https://thumbnail10.coupangcdn.com/thumbnails/remote/230x230ex/image/retail/images/1325556246748774-62640b15-4228-456d-bea1-9da2628fbd52.jpg
266,스낵_가공,프레시 오리지널 베이글 4개입 420g,7900,50,8809297283765 ,https://thumbnail6.coupangcdn.com/thumbnails/remote/230x230ex/image/rs_quotation_api/taslxqbg/65eaa5444cff4efbb928d2816e4b9dd0.jpg
267,스낵_가공,곰곰 우유식빵 660g,3760,50,8809297283766 ,https://thumbnail10.coupangcdn.com/thumbnails/remote/230x230ex/image/retail/images/2106893653706499-9308af65-45d5-4e23-b3f5-72585ec37508.jpg
268,스낵_가공,프레시 고흥유자 수제 롤케익,13000,50,8809297283767 ,https://thumbnail10.coupangcdn.com/thumbnails/remote/230x230ex/image/retail/images/2022/07/26/18/2/c8b82674-d8c2-4c82-9213-1a2c9b05570c.jpg
269,스낵_가공,더브레드블루 오트 생 크림빵 오리지널 2개입 300g,9800,50,8809297283768 ,https://thumbnail9.coupangcdn.com/thumbnails/remote/230x230ex/image/retail/images/2023/01/27/16/4/87785056-8f36-446e-9ad8-6463f7622dd0.jpg
270,스낵_가공,베즐리 수플레 치즈 케이크,15000,50,8809297283769 ,https://thumbnail7.coupangcdn.com/thumbnails/remote/230x230ex/image/retail/images/2021/06/21/11/1/30f298c0-f921-46bc-b1e6-0b054bce573e.jpg
271,스낵_가공,위고에빅토르 티라미수 케이크 250g,22000,50,8809297283770 ,https://thumbnail10.coupangcdn.com/thumbnails/remote/230x230ex/image/retail/images/13362309205422-80e66eb3-2e7f-49e1-b56d-14f13c9d5741.jpg
272,스낵_가공,파리크라상 바닐라 화이트초코 딸기 크럼블 케이크 생크림 617g,39000,50,8809297283771 ,https://thumbnail9.coupangcdn.com/thumbnails/remote/230x230ex/image/retail/images/2023/03/06/10/7/222d29b8-f606-4713-b080-e9045f477e02.jpg
273,스낵_가공,파슬리 후레이크 25g,3250,50,8809297283772 ,https://thumbnail6.coupangcdn.com/thumbnails/remote/230x230ex/image/retail/images/72604194656693-67110f08-6af7-40c9-ad96-c8871789278a.jpg
274,스낵_가공,오뚜기 양조식초 1.8L,2380,50,8809297283773 ,https://thumbnail7.coupangcdn.com/thumbnails/remote/230x230ex/image/1025_amir_coupang_oct_80k/94b9/3fbe9ff00ce6eda0f27ba408a846bba2bb1bd21bd692733597afc5d663b2.jpg
275,스낵_가공,오뚜기 고소한 참기름 320ml,8050,50,8809297283774 ,https://thumbnail8.coupangcdn.com/thumbnails/remote/230x230ex/image/1025_amir_coupang_oct_80k/86e0/d16d99c232e7df5b39b1afa610b14c1ad84f7e872afb7506d949f86bcbbd.jpg
276,스낵_가공,오뚜기 프레스코 토마토 스파게티 소스 600g,3200,50,8809297283775 ,https://thumbnail10.coupangcdn.com/thumbnails/remote/230x230ex/image/retail/images/f64d3e0f-6bd7-4f6a-9010-577899906dad5428612339865204150.png
277,스낵_가공,폰타나 베이컨 앤 머쉬룸 크림파스타 소스 430g,5360,50,8809297283776 ,https://thumbnail10.coupangcdn.com/thumbnails/remote/230x230ex/image/1025_amir_coupang_oct_80k/bab5/3d6c14e625ec9e7e4ca9cbb1f37dc80bfe01efd9029766fd82da7a3cbc3d.jpg
278,스낵_가공,폰타나 나폴리 토마토 파스타 소스 600g,4400,50,8809297283777 ,https://thumbnail6.coupangcdn.com/thumbnails/remote/230x230ex/image/1025_amir_coupang_oct_80k/deed/6cae578323061e4cbd9f52b9e8e6ef676ac3fc0edbe86f5becac70f72c78.jpg
279,스낵_가공,폰타나 밀라노 크림치즈 로제 파스타 소스 600g,4400,50,8809297283778 ,https://thumbnail10.coupangcdn.com/thumbnails/remote/230x230ex/image/1025_amir_coupang_oct_80k/d416/a5ac399edfeffc6e68f9fb2d6dfd1e1f189ec2d2893da966eeed13491438.jpg
280,스낵_가공,폰타나 볼로냐 베이컨 볼로네제 파스타 소스 430g,5200,50,8809297283779 ,https://thumbnail8.coupangcdn.com/thumbnails/remote/230x230ex/image/1025_amir_coupang_oct_80k/5d88/25d2c3127f9b645ce19d71c473f1ad8d6c8c989bd851d24391868ceac39f.jpg
281,스낵_가공,오뚜기 향긋한 들기름 320ml,11060,50,8809297283780 ,https://thumbnail9.coupangcdn.com/thumbnails/remote/230x230ex/image/1025_amir_coupang_oct_80k/659d/19b23381444bba41fb9135becc8f5d6bde0d1a59a45c0dcf2f4c39a8a90f.jpg
282,스낵_가공,청정원 생와사비 고추냉이 40g,3500,50,8809297283781 ,https://thumbnail7.coupangcdn.com/thumbnails/remote/230x230ex/image/1025_amir_coupang_oct_80k/1260/03aab7a31435f3db544c69cb6949c79cfe0c5559238a015886ab332a3b6d.jpg
283,스낵_가공,해찬들 사계절 쌈장 500g,2700,50,8809297283782 ,https://thumbnail8.coupangcdn.com/thumbnails/remote/230x230ex/image/1025_amir_coupang_oct_80k/62ab/e84593dbddf991f52e32ba94a281a3009c833a5f7bfb3863c4ea242e99ad.jpg
284,스낵_가공,청정원 순창 초고추장 300g,2670,50,8809297283783 ,https://thumbnail9.coupangcdn.com/thumbnails/remote/230x230ex/image/1025_amir_coupang_oct_80k/4a46/3369978bc1e8080c5b8e1edc85c7234285ef84ed3fb05b3b15a6879bea3d.jpg
285,스낵 가공,햇반 잡곡밥 210g 12개,13980,50,8809297283784 ,https://thumbnail8.coupangcdn.com/thumbnails/remote/230x230ex/image/retail/images/1157901977250017-72f00c17-39ae-42a7-ab13-9c1039146729.png
286,스낵_가공,백설 튀김가루 1kg,2890,50,8809297283785 ,https://thumbnail6.coupangcdn.com/thumbnails/remote/230x230ex/image/vendor_inventory/8ad9/95dbe802fe7b2201bd7021f6b93bc8507131ca4978f6320e6362136cab9d.png
287,채소_과일,성덕농산 국내산 흙 생강 500g,6700,50,8809297283786 ,https://thumbnail10.coupangcdn.com/thumbnails/remote/230x230ex/image/vendor_inventory/2ca7/7e81e007f21ceb154fc2094a0f0a1f19d9fc2123029b8e54c42e6e1fffc0.jpeg
288,스낵_가공,포스트 콘푸라이트 시리얼 600g,6500,50,8809297283787 ,https://thumbnail8.coupangcdn.com/thumbnails/remote/230x230ex/image/vendor_inventory/d470/6a8f59637e3eb14eca376b69c61c5c37ab2472f80dd1bb74a97c5ddfa2e9.jpg
289,스낵_가공,켈로그 콘푸로스트 시리얼 660g,6130,50,8809297283788 ,https://thumbnail9.coupangcdn.com/thumbnails/remote/230x230ex/image/1025_amir_coupang_oct_80k/8eb0/12fde5a624894d28e5bedb87c30706c37b5b0808a72b8bb24c79f4b09151.jpg
290,생활_가전,코멧 일회용 종이컵 500개,5890,50,8809297283789 ,https://thumbnail10.coupangcdn.com/thumbnails/remote/230x230ex/image/retail/images/76c4531b-e3da-4d07-be71-71b293d99c459178437613632957360.png
291,생활_가전,탐사 일회용 그릇 종이용기 60개,3410,50,8809297283790 ,https://thumbnail9.coupangcdn.com/thumbnails/remote/230x230ex/image/retail/images/1108047584619200-3e308f2c-fbcd-44da-9f68-8f61b8ecf3f2.jpg
292,생활_가전,일회용 종이접시 60개,9840,50,8809297283791 ,https://thumbnail9.coupangcdn.com/thumbnails/remote/230x230ex/image/1025_amir_coupang_oct_80k/2f63/638821258617326393110bf2f89f71d98fd2f315351032f658193ac7ac15.jpg
293,생활_가전,리빙웰 프리미엄 나무젓가락 50개,3760,50,8809297283792 ,https://thumbnail10.coupangcdn.com/thumbnails/remote/230x230ex/image/retail/images/2023/04/19/17/3/16285164-b9cd-4aed-8e0a-9a70935393b4.jpg
294,생활_가전,코멧 일회용 숟가락 100개,4290,50,8809297283793 ,https://thumbnail9.coupangcdn.com/thumbnails/remote/230x230ex/image/vendor_inventory/c6b9/d3ebd32ba78994e218f99d531e0703027893498f7f6a3519bf6ba0073ea0.jpg
